﻿<?xml version="1.0" encoding="utf-8"?>
<rulebase product-version="10.4.7.86" region="en-GB">
  <entity text="Global" name="global" singleton="true">
    <attribute name="FundingYearStartDate" type="Date" />
    <attribute name="FundingYearEndDate" type="Date" />
    <attribute name="CatPolicyStartDate" type="Date" />
    <attribute name="LoanALB1Rate" type="Currency" />
    <attribute name="LoanALB2Rate" type="Currency" />
    <attribute name="LoanALB3Rate" type="Currency" />
    <attribute name="LoansPolicyStartDate" type="Date" />
    <attribute name="FactorTransDate" type="Date" />
    <attribute name="PeriodStartDate" type="Date" />
    <attribute name="PeriodEndDate" type="Date" />
    <attribute name="UKPRN" type="Number" />
    <attribute name="LARSVersion" type="Text" />
    <attribute name="PostcodeAreaCostVersion" type="Text" />
    <attribute name="IntTestAll" type="Boolean" />
    <attribute name="SpecialistResources" type="Boolean" />
    <attribute name="ProvUKPRNAreaCodeLookup" type="Text" />
    <attribute name="RulebaseVersion" type="Text" />
    <attribute name="CareerLearningPilotPolicyStartDate" type="Date" />
  </entity>
  <entity text="the learning delivery" name="LearningDelivery" singleton="false">
    <attribute name="Restart" type="Boolean" />
    <attribute name="AdvLoan" type="Boolean" />
    <attribute name="LoanBursAreaUplift" type="Boolean" />
    <attribute name="LoanBursSupp" type="Boolean" />
    <attribute name="StartDateAdjusted" type="Date" />
    <attribute name="FundLine" type="Text" />
    <attribute name="LearnDelFAMCountStage1" type="Number" />
    <attribute name="LearnDelFAMCount" type="Number" />
    <attribute name="LearnDelFundModel" type="Number" />
    <attribute name="LiabilityDateStage1" type="Boolean" />
    <attribute name="IsLiabilityDate" type="Boolean" />
    <attribute name="FundStart" type="Boolean" />
    <attribute name="LiabilityDate" type="Date" />
    <attribute name="MinDaysForALB" type="Number" />
    <attribute name="KnownEndDateALB" type="Date" />
    <attribute name="FirstLiabilityDate" type="Date" />
    <attribute name="LastLiabilityDate" type="Date" />
    <attribute name="FirstLiabilityDatePeriodStart" type="Date" />
    <attribute name="LearnStartDate" type="Date" />
    <attribute name="LearnPlanEndDate" type="Date" />
    <attribute name="LearnActEndDate" type="Date" />
    <attribute name="OrigLearnStartDate" type="Date" />
    <attribute name="ApplicFactDate" type="Date" />
    <attribute name="PlannedNumOnProgInstalm" type="Number" />
    <attribute name="ActualNumInstalm" type="Number" />
    <attribute name="LearnDelApplicEndDate" type="Date" />
    <attribute name="LearnDelApplicEndDateEndPeriod" type="Date" />
    <attribute name="OutstndNumOnProgInstalm" type="Number" />
    <attribute name="ActualEndDatePeriodStart" type="Date" />
    <attribute name="AttractsFundingStage1" type="Boolean" />
    <attribute name="AttractsFunding" type="Boolean" />
    <attribute name="EarliestHighestRate" type="Boolean" />
    <attribute name="ALBRateLiabilityDates" type="Currency" />
    <attribute name="ALBCodeLiabilityDates" type="Number" />
    <attribute name="AimSeqNumber" type="Number" />
    <attribute name="ALBCode" type="Number" />
    <attribute name="ALBSupportPaymentStage1" type="Currency" />
    <attribute name="ALBSupportPayment" type="Currency" />
    <attribute name="HasAreaUpliftCash" type="Boolean" />
    <attribute name="Achieved" type="Boolean" />
    <attribute name="QualifyAreaUpliftBalancingPayment" type="Boolean" />
    <attribute name="AreaCostFactAdj" type="Number" />
    <attribute name="AreaCostFactor" type="Number" />
    <attribute name="BaseWeightedRate" type="Currency" />
    <attribute name="MatrixWeightedRate" type="Currency" />
    <attribute name="WeightedRate" type="Currency" />
    <attribute name="KnownFundAdj" type="Number" />
    <attribute name="PriorLearnFundAdj" type="Number" />
    <attribute name="OtherFundAdj" type="Number" />
    <attribute name="AreaUpliftAimValue" type="Currency" />
    <attribute name="AreaCostInstalment" type="Currency" />
    <attribute name="AreaUpliftOnProgPayment" type="Currency" />
    <attribute name="CompStatus" type="Number" />
    <attribute name="Outcome" type="Number" />
    <attribute name="AreaUpliftBalPayment" type="Currency" />
    <attribute name="ApplicProgWeightFact" type="Text" />
    <attribute name="SpecResUplift" type="Number" />
    <attribute name="WeightingFactorStage1" type="Text" />
    <attribute name="MatrixWeightingFactor" type="Text" />
    <attribute name="AreaCosStageOne" type="Number" />
    <attribute name="MatrixWeightedRateStage1" type="Currency" />
    <attribute name="LearnAimRefType" type="Text" />
    <attribute name="NotionalNVQLevelv2" type="Text" />
    <attribute name="RegulatedCreditValue" type="Number" />
    <attribute name="IntTestLearnDel" type="Boolean" />
    <attribute name="LearnDelCourseTypeFromCats" type="Text" />
    <attribute name="CourseType" type="Text" />
    <attribute name="MaxNumYears" type="Number" />
    <attribute name="ALBPaymentEndDate" type="Date" />
  </entity>
  <entity text="the learning delivery FAM" name="LearningDeliveryFAM" singleton="false">
    <attribute name="LearnDelFAMTypeUC" type="Text" />
    <attribute name="LearnDelFAMType" type="Text" />
    <attribute name="LearnDelFAMCode" type="Text" />
    <attribute name="LearnDelFAMDateTo" type="Date" />
    <attribute name="ValidForALB" type="Boolean" />
    <attribute name="ALBRate" type="Currency" />
    <attribute name="FAMALBRateLiabilityDatesStage1" type="Currency" />
    <attribute name="FAMALBCodeLiabilityDatesStage1" type="Number" />
    <attribute name="ALBRateFirst" type="Currency" />
    <attribute name="ALBCodeFirst" type="Number" />
    <attribute name="ALBRateLiabilityDatesFAM" type="Currency" />
    <attribute name="ALBCodeLiabilityDatesFAM" type="Number" />
    <attribute name="LearnDelFAMDateFrom" type="Date" />
    <attribute name="IntTestLearnDelFAM" type="Boolean" />
  </entity>
  <entity text="the learner" name="Learner" singleton="false">
    <attribute name="ALBRateLiabilityDatesLearner" type="Currency" />
    <attribute name="ALBSeqNumStage1" type="Number" />
    <attribute name="ALBSeqNumStage2" type="Number" />
    <attribute name="ALBSeqNum" type="Number" />
    <attribute name="EarliestHighestRateStartDate" type="Date" />
    <attribute name="LearnRefNumber" type="Text" />
    <attribute name="IntTestLearn" type="Boolean" />
  </entity>
  <entity text="the learning delivery postcode area cost reference data" name="SFA_PostcodeAreaCost" singleton="false">
    <attribute name="AreaCosEffectiveToStageOne" type="Date" />
    <attribute name="AreaCosEffectiveTo" type="Date" />
    <attribute name="AreaCosEffectiveFrom" type="Date" />
    <attribute name="AreaCosFactor" type="Number" />
  </entity>
  <entity text="the learning delivery LARS funding" name="LearningDeliveryLARS_Funding" singleton="false">
    <attribute name="LARSFundCategory" type="Text" />
    <attribute name="LARSFundEffectiveFrom" type="Date" />
    <attribute name="LARSFundWeightedRate" type="Currency" />
    <attribute name="LARSFundEffectiveTo" type="Date" />
    <attribute name="LARSFundEffectiveToStageOne" type="Date" />
    <attribute name="LARSFundCategoryUC" type="Text" />
    <attribute name="LARSFundWeightingFactor" type="Text" />
  </entity>
  <relationship relationship-id="learners" relationship-text="the learners" reverse-relationship-id="global_learners_rev" source="global" target="Learner" type="OneToMany" is-containment="true" />
  <relationship relationship-id="learnerslearningdeliveries" relationship-text="the learner's learning deliveries" reverse-relationship-id="learnerassociatedwiththelearningdelivery" reverse-relationship-text="the learner associated with the learning delivery" source="Learner" target="LearningDelivery" type="OneToMany" is-containment="true" />
  <relationship relationship-id="learningdeliverysfams" relationship-text="the learning delivery's FAMs" reverse-relationship-id="learningdeliveryassociatedwiththelearningdeliveryfam" reverse-relationship-text="the learning delivery associated with the learning delivery FAM" source="LearningDelivery" target="LearningDeliveryFAM" type="OneToMany" is-containment="true" />
  <relationship relationship-id="learningdeliveryspostcodeareacostreferencedata" relationship-text="the learning delivery's postcode area cost reference data" reverse-relationship-id="learningdelivery_learningdeliveryspostcodeareacostreferencedata_rev" source="LearningDelivery" target="SFA_PostcodeAreaCost" type="OneToMany" is-containment="true" />
  <relationship relationship-id="learningdeliveryslarsfundingrates" relationship-text="the learning delivery's LARS funding rates" reverse-relationship-id="learningdelivery_learningdeliveryslarsfundingrates_rev" source="LearningDelivery" target="LearningDeliveryLARS_Funding" type="OneToMany" is-containment="true" />
  <relationship relationship-id="learningdeliveryslarsfundingmatrixfundingcategories" relationship-text="the learning delivery's LARS Funding Matrix funding categories" reverse-relationship-id="learningdelivery_learningdeliveryslarsfundingmatrixfundingcategories_rev" source="LearningDelivery" target="LearningDeliveryLARS_Funding" type="ManyToMany" is-containment="false" />
  <rules module="Loans Bursary 19_20:F2223A353994D3BEE6FCD1BBF78E72C0E2C770BC5BFFACF97EDFE9F86CA05F5A">
    <conclude attr-id="LoanALB1Rate" entity-id="global" scope-id="global0">
      <value>
        <marker id="Rules_Parameters_doc/0/1" condition="false">
          <number-value>50</number-value>
        </marker>
      </value>
    </conclude>
    <conclude attr-id="LoanALB2Rate" entity-id="global" scope-id="global0">
      <value>
        <marker id="Rules_Parameters_doc/1/1" condition="false">
          <number-value>150</number-value>
        </marker>
      </value>
    </conclude>
    <conclude attr-id="LoanALB3Rate" entity-id="global" scope-id="global0">
      <value>
        <marker id="Rules_Parameters_doc/2/1" condition="false">
          <number-value>250</number-value>
        </marker>
      </value>
    </conclude>
    <conclude attr-id="FactorTransDate" entity-id="global" scope-id="global0">
      <value>
        <marker id="Rules_Parameters_doc/3/1" condition="false">
          <date-value>2016-08-01</date-value>
        </marker>
      </value>
    </conclude>
    <conclude attr-id="FundingYearStartDate" entity-id="global" scope-id="global0">
      <value>
        <marker id="Rules_Parameters_doc/4/1" condition="false">
          <date-value>2019-08-01</date-value>
        </marker>
      </value>
    </conclude>
    <conclude attr-id="FundingYearEndDate" entity-id="global" scope-id="global0">
      <value>
        <marker id="Rules_Parameters_doc/5/1" condition="false">
          <date-value>2020-07-31</date-value>
        </marker>
      </value>
    </conclude>
    <conclude attr-id="LoansPolicyStartDate" entity-id="global" scope-id="global0">
      <value>
        <marker id="Rules_Parameters_doc/6/1" condition="false">
          <date-value>2013-08-01</date-value>
        </marker>
      </value>
    </conclude>
    <conclude attr-id="CatPolicyStartDate" entity-id="global" scope-id="global0">
      <value>
        <marker id="Rules_Parameters_doc/7/1" condition="false">
          <date-value>2015-08-01</date-value>
        </marker>
      </value>
    </conclude>
    <table-conclude attr-id="AdvLoan" entity-id="LearningDelivery" scope-id="learningdelivery0">
      <row>
        <value>
          <marker id="Rules_Categorisations_doc/0/1" condition="false">
            <false-value />
          </marker>
        </value>
        <condition>
          <or>
            <marker id="Rules_Categorisations_doc/0/2">
              <less-than>
                <attribute attr-id="StartDateAdjusted" />
                <scope-for scope-ref="global0" target-entity-id="global">
                  <attribute attr-id="LoansPolicyStartDate" />
                </scope-for>
              </less-than>
            </marker>
            <marker id="Rules_Categorisations_doc/0/3">
              <not-equals>
                <attribute attr-id="LearnDelFundModel" />
                <number-value>99</number-value>
              </not-equals>
            </marker>
          </or>
        </condition>
      </row>
      <row>
        <value>
          <marker id="Rules_Categorisations_doc/0/4" condition="false">
            <true-value />
          </marker>
        </value>
        <condition>
          <marker id="Rules_Categorisations_doc/0/5">
            <exists scope-id="learningdeliveryfam0">
              <relationship relationship-id="learningdeliverysfams" target-entity-id="LearningDeliveryFAM" />
              <and>
                <equals>
                  <attribute attr-id="LearnDelFAMTypeUC" />
                  <string-value>ADL</string-value>
                </equals>
                <equals>
                  <attribute attr-id="LearnDelFAMCode" />
                  <string-value>1</string-value>
                </equals>
              </and>
            </exists>
          </marker>
        </condition>
      </row>
      <otherwise>
        <marker id="Rules_Categorisations_doc/0/6" condition="false">
          <false-value />
        </marker>
      </otherwise>
    </table-conclude>
    <conclude attr-id="Restart" entity-id="LearningDelivery" scope-id="learningdelivery0">
      <value>
        <marker id="Rules_Categorisations_doc/1/1" condition="false">
          <true-value />
        </marker>
      </value>
      <condition>
        <marker id="Rules_Categorisations_doc/1/2">
          <exists scope-id="learningdeliveryfam0">
            <relationship relationship-id="learningdeliverysfams" target-entity-id="LearningDeliveryFAM" />
            <and>
              <equals>
                <attribute attr-id="LearnDelFAMTypeUC" />
                <string-value>RES</string-value>
              </equals>
              <equals>
                <attribute attr-id="LearnDelFAMCode" />
                <string-value>1</string-value>
              </equals>
            </and>
          </exists>
        </marker>
      </condition>
      <otherwise>
        <marker id="Rules_Categorisations_doc/1/3" condition="false">
          <false-value />
        </marker>
      </otherwise>
    </conclude>
    <table-conclude attr-id="FundLine" entity-id="LearningDelivery" scope-id="learningdelivery0">
      <row>
        <value>
          <marker id="Rules_Categorisations_doc/2/1" condition="false">
            <string-value>Advanced Learner Loans Bursary</string-value>
          </marker>
        </value>
        <condition>
          <or>
            <marker id="Rules_Categorisations_doc/2/2">
              <attribute attr-id="LoanBursAreaUplift" />
            </marker>
            <marker id="Rules_Categorisations_doc/2/3">
              <attribute attr-id="LoanBursSupp" />
            </marker>
          </or>
        </condition>
      </row>
      <otherwise>
        <marker id="Rules_Categorisations_doc/2/4" condition="false">
          <string-value>None</string-value>
        </marker>
      </otherwise>
    </table-conclude>
    <conclude attr-id="LearnDelFAMCountStage1" entity-id="LearningDelivery" scope-id="learningdelivery0">
      <value>
        <marker id="Rules_Categorisations_doc/3/1" condition="false">
          <instance-count>
            <relationship relationship-id="learningdeliverysfams" target-entity-id="LearningDeliveryFAM" />
          </instance-count>
        </marker>
      </value>
    </conclude>
    <table-conclude attr-id="LearnDelFAMCount" entity-id="LearningDelivery" scope-id="learningdelivery0">
      <row>
        <value>
          <marker id="Rules_Categorisations_doc/4/1" condition="false">
            <attribute attr-id="LearnDelFAMCountStage1" />
          </marker>
        </value>
        <condition>
          <marker id="Rules_Categorisations_doc/4/2">
            <not>
              <unknown>
                <attribute attr-id="LearnDelFAMCountStage1" />
              </unknown>
            </not>
          </marker>
        </condition>
      </row>
      <otherwise>
        <marker id="Rules_Categorisations_doc/4/3" condition="false">
          <number-value>0</number-value>
        </marker>
      </otherwise>
    </table-conclude>
    <conclude attr-id="LearnDelFAMTypeUC" entity-id="LearningDeliveryFAM" scope-id="learningdeliveryfam0">
      <value>
        <marker id="Rules_Categorisations_doc/5/1" condition="false">
          <custom-function name="ToUpper" return-type="Text">
            <attribute attr-id="LearnDelFAMType" />
          </custom-function>
        </marker>
      </value>
    </conclude>
    <table-conclude attr-id="ApplicFactDate" entity-id="LearningDelivery" scope-id="learningdelivery0">
      <row>
        <value>
          <marker id="Rules_DateRules_doc/0/1" condition="false">
            <attribute attr-id="StartDateAdjusted" />
          </marker>
        </value>
        <condition>
          <marker id="Rules_DateRules_doc/0/2">
            <greater-than-equals>
              <attribute attr-id="StartDateAdjusted" />
              <scope-for scope-ref="global0" target-entity-id="global">
                <attribute attr-id="FactorTransDate" />
              </scope-for>
            </greater-than-equals>
          </marker>
        </condition>
      </row>
      <otherwise>
        <marker id="Rules_DateRules_doc/0/3" condition="false">
          <add-days>
            <scope-for scope-ref="global0" target-entity-id="global">
              <attribute attr-id="FactorTransDate" />
            </scope-for>
            <negate>
              <number-value>1</number-value>
            </negate>
          </add-days>
        </marker>
      </otherwise>
    </table-conclude>
    <conclude attr-id="PeriodStartDate" entity-id="global" scope-id="global0">
      <value>
        <marker id="Rules_DateRules_doc/1/1" condition="false">
          <add-months>
            <attribute attr-id="FundingYearStartDate" />
            <temporal-months-since>
              <attribute attr-id="FundingYearStartDate" />
              <attribute attr-id="FundingYearEndDate" />
            </temporal-months-since>
          </add-months>
        </marker>
      </value>
    </conclude>
    <conclude attr-id="PeriodEndDate" entity-id="global" scope-id="global0">
      <value>
        <marker id="Rules_DateRules_doc/2/1" condition="false">
          <add-days>
            <add-months>
              <attribute attr-id="FundingYearStartDate" />
              <plus>
                <temporal-months-since>
                  <attribute attr-id="FundingYearStartDate" />
                  <attribute attr-id="FundingYearEndDate" />
                </temporal-months-since>
                <number-value>1</number-value>
              </plus>
            </add-months>
            <negate>
              <number-value>1</number-value>
            </negate>
          </add-days>
        </marker>
      </value>
    </conclude>
    <conclude attr-id="FirstLiabilityDate" entity-id="LearningDelivery" scope-id="learningdelivery0">
      <value>
        <marker id="Rules_DateRules_doc/3/1" condition="false">
          <add-days>
            <attribute attr-id="LearnStartDate" />
            <attribute attr-id="MinDaysForALB" />
          </add-days>
        </marker>
      </value>
    </conclude>
    <conclude attr-id="FirstLiabilityDatePeriodStart" entity-id="LearningDelivery" scope-id="learningdelivery0">
      <value>
        <marker id="Rules_DateRules_doc/4/1" condition="false">
          <make-date>
            <extract-year>
              <attribute attr-id="FirstLiabilityDate" />
            </extract-year>
            <extract-month>
              <attribute attr-id="FirstLiabilityDate" />
            </extract-month>
            <number-value>1</number-value>
          </make-date>
        </marker>
      </value>
    </conclude>
    <conclude attr-id="LiabilityDate" entity-id="LearningDelivery" scope-id="learningdelivery0">
      <value>
        <marker id="Rules_DateRules_doc/5/1" condition="false">
          <attribute attr-id="FirstLiabilityDate" />
        </marker>
      </value>
    </conclude>
    <table-conclude attr-id="KnownEndDateALB" entity-id="LearningDelivery" scope-id="learningdelivery0">
      <row>
        <value>
          <marker id="Rules_DateRules_doc/6/1" condition="false">
            <attribute attr-id="LearnActEndDate" />
          </marker>
        </value>
        <condition>
          <marker id="Rules_DateRules_doc/6/2">
            <not>
              <unknown>
                <attribute attr-id="LearnActEndDate" />
              </unknown>
            </not>
          </marker>
        </condition>
      </row>
      <otherwise>
        <marker id="Rules_DateRules_doc/6/3" condition="false">
          <instance-maximum-if>
            <relationship relationship-id="learningdeliverysfams" target-entity-id="LearningDeliveryFAM" />
            <attribute attr-id="LearnDelFAMDateTo" />
            <equals>
              <attribute attr-id="LearnDelFAMTypeUC" />
              <string-value>ALB</string-value>
            </equals>
          </instance-maximum-if>
        </marker>
      </otherwise>
    </table-conclude>
    <conclude attr-id="LastLiabilityDate" entity-id="LearningDelivery" scope-id="learningdelivery0">
      <value>
        <marker id="Rules_DateRules_doc/7/1" condition="false">
          <make-date>
            <extract-year>
              <attribute attr-id="KnownEndDateALB" />
            </extract-year>
            <extract-month>
              <attribute attr-id="KnownEndDateALB" />
            </extract-month>
            <number-value>1</number-value>
          </make-date>
        </marker>
      </value>
    </conclude>
    <conclude attr-id="LiabilityDateStage1" entity-id="LearningDelivery" scope-id="learningdelivery0">
      <value>
        <marker id="Rules_DateRules_doc/8/1" condition="false">
          <true-value />
        </marker>
      </value>
      <condition>
        <or>
          <marker id="Rules_DateRules_doc/8/2">
            <temporal-once-per-month>
              <attribute attr-id="FirstLiabilityDate" />
              <add-days>
                <attribute attr-id="LastLiabilityDate" />
                <number-value>1</number-value>
              </add-days>
              <number-value>1</number-value>
            </temporal-once-per-month>
          </marker>
          <marker id="Rules_DateRules_doc/8/3">
            <temporal-on>
              <attribute attr-id="FirstLiabilityDate" />
            </temporal-on>
          </marker>
        </or>
      </condition>
      <otherwise>
        <marker id="Rules_DateRules_doc/8/4" condition="false">
          <false-value />
        </marker>
      </otherwise>
    </conclude>
    <table-conclude attr-id="IsLiabilityDate" entity-id="LearningDelivery" scope-id="learningdelivery0">
      <row>
        <value>
          <marker id="Rules_DateRules_doc/9/1" condition="false">
            <true-value />
          </marker>
        </value>
        <condition>
          <and>
            <marker id="Rules_DateRules_doc/9/2">
              <not>
                <unknown>
                  <attribute attr-id="LiabilityDateStage1" />
                </unknown>
              </not>
            </marker>
            <marker id="Rules_DateRules_doc/9/3">
              <certain>
                <attribute attr-id="LiabilityDateStage1" />
              </certain>
            </marker>
            <marker id="Rules_DateRules_doc/9/4">
              <attribute attr-id="LiabilityDateStage1" />
            </marker>
          </and>
        </condition>
      </row>
      <otherwise>
        <marker id="Rules_DateRules_doc/9/5" condition="false">
          <false-value />
        </marker>
      </otherwise>
    </table-conclude>
    <conclude attr-id="FundStart" entity-id="LearningDelivery" scope-id="learningdelivery0">
      <value>
        <marker id="Rules_DateRules_doc/10/1" condition="false">
          <true-value />
        </marker>
      </value>
      <condition>
        <and>
          <marker id="Rules_DateRules_doc/10/2">
            <greater-than-equals>
              <attribute attr-id="LearnPlanEndDate" />
              <attribute attr-id="FirstLiabilityDate" />
            </greater-than-equals>
          </marker>
          <or>
            <marker id="Rules_DateRules_doc/10/3">
              <unknown>
                <attribute attr-id="LearnActEndDate" />
              </unknown>
            </marker>
            <and>
              <marker id="Rules_DateRules_doc/10/4">
                <not>
                  <unknown>
                    <attribute attr-id="LearnActEndDate" />
                  </unknown>
                </not>
              </marker>
              <marker id="Rules_DateRules_doc/10/5">
                <greater-than-equals>
                  <attribute attr-id="LearnActEndDate" />
                  <attribute attr-id="FirstLiabilityDate" />
                </greater-than-equals>
              </marker>
            </and>
          </or>
        </and>
      </condition>
      <otherwise>
        <marker id="Rules_DateRules_doc/10/6" condition="false">
          <false-value />
        </marker>
      </otherwise>
    </conclude>
    <table-conclude attr-id="StartDateAdjusted" entity-id="LearningDelivery" scope-id="learningdelivery0">
      <row>
        <value>
          <marker id="Rules_DateRules_doc/11/1" condition="false">
            <attribute attr-id="OrigLearnStartDate" />
          </marker>
        </value>
        <condition>
          <marker id="Rules_DateRules_doc/11/2">
            <not>
              <unknown>
                <attribute attr-id="OrigLearnStartDate" />
              </unknown>
            </not>
          </marker>
        </condition>
      </row>
      <otherwise>
        <marker id="Rules_DateRules_doc/11/3" condition="false">
          <attribute attr-id="LearnStartDate" />
        </marker>
      </otherwise>
    </table-conclude>
    <table-conclude attr-id="MinDaysForALB" entity-id="LearningDelivery" scope-id="learningdelivery0">
      <row>
        <value>
          <marker id="Rules_DateRules_doc/12/1" condition="false">
            <number-value>0</number-value>
          </marker>
        </value>
        <condition>
          <marker id="Rules_DateRules_doc/12/2">
            <attribute attr-id="Restart" />
          </marker>
        </condition>
      </row>
      <otherwise>
        <marker id="Rules_DateRules_doc/12/3" condition="false">
          <number-value>14</number-value>
        </marker>
      </otherwise>
    </table-conclude>
    <table-conclude attr-id="LearnDelApplicEndDate" entity-id="LearningDelivery" scope-id="learningdelivery0">
      <row>
        <value>
          <marker id="Rules_DateRules_doc/13/1" condition="false">
            <minimum>
              <attribute attr-id="LearnPlanEndDate" />
              <attribute attr-id="LearnActEndDate" />
            </minimum>
          </marker>
        </value>
        <condition>
          <marker id="Rules_DateRules_doc/13/2">
            <not>
              <unknown>
                <attribute attr-id="LearnActEndDate" />
              </unknown>
            </not>
          </marker>
        </condition>
      </row>
      <otherwise>
        <marker id="Rules_DateRules_doc/13/3" condition="false">
          <attribute attr-id="LearnPlanEndDate" />
        </marker>
      </otherwise>
    </table-conclude>
    <conclude attr-id="LearnDelApplicEndDateEndPeriod" entity-id="LearningDelivery" scope-id="learningdelivery0">
      <value>
        <marker id="Rules_DateRules_doc/14/1" condition="false">
          <add-days>
            <add-months>
              <make-date>
                <extract-year>
                  <attribute attr-id="LearnDelApplicEndDate" />
                </extract-year>
                <extract-month>
                  <attribute attr-id="LearnDelApplicEndDate" />
                </extract-month>
                <number-value>1</number-value>
              </make-date>
              <number-value>1</number-value>
            </add-months>
            <negate>
              <number-value>1</number-value>
            </negate>
          </add-days>
        </marker>
      </value>
    </conclude>
    <table-conclude attr-id="PlannedNumOnProgInstalm" entity-id="LearningDelivery" scope-id="learningdelivery0">
      <row>
        <value>
          <marker id="Rules_DateRules_doc/15/1" condition="false">
            <plus>
              <number-value>1</number-value>
              <month-difference>
                <attribute attr-id="FirstLiabilityDatePeriodStart" />
                <attribute attr-id="LearnPlanEndDate" />
              </month-difference>
            </plus>
          </marker>
        </value>
        <condition>
          <marker id="Rules_DateRules_doc/15/2">
            <attribute attr-id="LoanBursAreaUplift" />
          </marker>
        </condition>
      </row>
      <otherwise>
        <marker id="Rules_DateRules_doc/15/3" condition="false">
          <number-value>0</number-value>
        </marker>
      </otherwise>
    </table-conclude>
    <table-conclude attr-id="ActualNumInstalm" entity-id="LearningDelivery" scope-id="learningdelivery0">
      <row>
        <value>
          <marker id="Rules_DateRules_doc/16/1" condition="false">
            <attribute attr-id="PlannedNumOnProgInstalm" />
          </marker>
        </value>
        <condition>
          <marker id="Rules_DateRules_doc/16/2">
            <unknown>
              <attribute attr-id="LearnActEndDate" />
            </unknown>
          </marker>
        </condition>
      </row>
      <row>
        <value>
          <marker id="Rules_DateRules_doc/16/3" condition="false">
            <plus>
              <number-value>1</number-value>
              <month-difference>
                <attribute attr-id="FirstLiabilityDatePeriodStart" />
                <attribute attr-id="LearnActEndDate" />
              </month-difference>
            </plus>
          </marker>
        </value>
        <condition>
          <marker id="Rules_DateRules_doc/16/4">
            <attribute attr-id="LoanBursAreaUplift" />
          </marker>
        </condition>
      </row>
      <otherwise>
        <marker id="Rules_DateRules_doc/16/5" condition="false">
          <number-value>0</number-value>
        </marker>
      </otherwise>
    </table-conclude>
    <table-conclude attr-id="OutstndNumOnProgInstalm" entity-id="LearningDelivery" scope-id="learningdelivery0">
      <row>
        <value>
          <marker id="Rules_DateRules_doc/17/1" condition="false">
            <minus>
              <attribute attr-id="PlannedNumOnProgInstalm" />
              <attribute attr-id="ActualNumInstalm" />
            </minus>
          </marker>
        </value>
        <condition>
          <and>
            <marker id="Rules_DateRules_doc/17/2">
              <attribute attr-id="LoanBursAreaUplift" />
            </marker>
            <marker id="Rules_DateRules_doc/17/3">
              <less-than>
                <attribute attr-id="ActualNumInstalm" />
                <attribute attr-id="PlannedNumOnProgInstalm" />
              </less-than>
            </marker>
          </and>
        </condition>
      </row>
      <otherwise>
        <marker id="Rules_DateRules_doc/17/4" condition="false">
          <number-value>0</number-value>
        </marker>
      </otherwise>
    </table-conclude>
    <conclude attr-id="ActualEndDatePeriodStart" entity-id="LearningDelivery" scope-id="learningdelivery0">
      <value>
        <marker id="Rules_DateRules_doc/18/1" condition="false">
          <make-date>
            <extract-year>
              <attribute attr-id="LearnActEndDate" />
            </extract-year>
            <extract-month>
              <attribute attr-id="LearnActEndDate" />
            </extract-month>
            <number-value>1</number-value>
          </make-date>
        </marker>
      </value>
    </conclude>
    <conclude attr-id="LoanBursSupp" entity-id="LearningDelivery" scope-id="learningdelivery0">
      <value>
        <marker id="Rules_ALBSupport_doc/0/1" condition="false">
          <true-value />
        </marker>
      </value>
      <condition>
        <and>
          <marker id="Rules_ALBSupport_doc/0/2">
            <attribute attr-id="FundStart" />
          </marker>
          <marker id="Rules_ALBSupport_doc/0/3">
            <attribute attr-id="AdvLoan" />
          </marker>
          <marker id="Rules_ALBSupport_doc/0/4">
            <exists scope-id="learningdeliveryfam0">
              <relationship relationship-id="learningdeliverysfams" target-entity-id="LearningDeliveryFAM" />
              <and>
                <equals>
                  <attribute attr-id="LearnDelFAMTypeUC" />
                  <string-value>ALB</string-value>
                </equals>
                <or>
                  <equals>
                    <attribute attr-id="LearnDelFAMCode" />
                    <string-value>1</string-value>
                  </equals>
                  <equals>
                    <attribute attr-id="LearnDelFAMCode" />
                    <string-value>2</string-value>
                  </equals>
                  <equals>
                    <attribute attr-id="LearnDelFAMCode" />
                    <string-value>3</string-value>
                  </equals>
                </or>
              </and>
            </exists>
          </marker>
        </and>
      </condition>
      <otherwise>
        <marker id="Rules_ALBSupport_doc/0/5" condition="false">
          <false-value />
        </marker>
      </otherwise>
    </conclude>
    <conclude attr-id="ValidForALB" entity-id="LearningDeliveryFAM" scope-id="learningdeliveryfam0">
      <value>
        <marker id="Rules_ALBSupport_doc/1/1" condition="false">
          <true-value />
        </marker>
      </value>
      <condition>
        <and>
          <marker id="Rules_ALBSupport_doc/1/2">
            <for>
              <relationship relationship-id="learningdeliveryassociatedwiththelearningdeliveryfam" target-entity-id="LearningDelivery" />
              <attribute attr-id="LoanBursSupp" />
            </for>
          </marker>
          <marker id="Rules_ALBSupport_doc/1/3">
            <equals>
              <attribute attr-id="LearnDelFAMTypeUC" />
              <string-value>ALB</string-value>
            </equals>
          </marker>
          <or>
            <marker id="Rules_ALBSupport_doc/1/4">
              <equals>
                <attribute attr-id="LearnDelFAMCode" />
                <string-value>1</string-value>
              </equals>
            </marker>
            <marker id="Rules_ALBSupport_doc/1/5">
              <equals>
                <attribute attr-id="LearnDelFAMCode" />
                <string-value>2</string-value>
              </equals>
            </marker>
            <marker id="Rules_ALBSupport_doc/1/6">
              <equals>
                <attribute attr-id="LearnDelFAMCode" />
                <string-value>3</string-value>
              </equals>
            </marker>
          </or>
          <marker id="Rules_ALBSupport_doc/1/7">
            <not>
              <unknown>
                <attribute attr-id="LearnDelFAMDateFrom" />
              </unknown>
            </not>
          </marker>
          <marker id="Rules_ALBSupport_doc/1/8">
            <not>
              <unknown>
                <attribute attr-id="LearnDelFAMDateTo" />
              </unknown>
            </not>
          </marker>
          <marker id="Rules_ALBSupport_doc/1/9">
            <temporal-on-or-after>
              <attribute attr-id="LearnDelFAMDateFrom" />
            </temporal-on-or-after>
          </marker>
          <marker id="Rules_ALBSupport_doc/1/10">
            <temporal-on-or-before>
              <attribute attr-id="LearnDelFAMDateTo" />
            </temporal-on-or-before>
          </marker>
        </and>
      </condition>
      <otherwise>
        <marker id="Rules_ALBSupport_doc/1/11" condition="false">
          <false-value />
        </marker>
      </otherwise>
    </conclude>
    <table-conclude attr-id="ALBRate" entity-id="LearningDeliveryFAM" scope-id="learningdeliveryfam0">
      <row>
        <value>
          <marker id="Rules_ALBSupport_doc/2/1" condition="false">
            <number-value>0</number-value>
          </marker>
        </value>
        <condition>
          <marker id="Rules_ALBSupport_doc/2/2">
            <not>
              <attribute attr-id="ValidForALB" />
            </not>
          </marker>
        </condition>
      </row>
      <row>
        <value>
          <marker id="Rules_ALBSupport_doc/2/3" condition="false">
            <scope-for scope-ref="global0" target-entity-id="global">
              <attribute attr-id="LoanALB3Rate" />
            </scope-for>
          </marker>
        </value>
        <condition>
          <marker id="Rules_ALBSupport_doc/2/4">
            <equals>
              <attribute attr-id="LearnDelFAMCode" />
              <string-value>3</string-value>
            </equals>
          </marker>
        </condition>
      </row>
      <row>
        <value>
          <marker id="Rules_ALBSupport_doc/2/5" condition="false">
            <scope-for scope-ref="global0" target-entity-id="global">
              <attribute attr-id="LoanALB2Rate" />
            </scope-for>
          </marker>
        </value>
        <condition>
          <marker id="Rules_ALBSupport_doc/2/6">
            <equals>
              <attribute attr-id="LearnDelFAMCode" />
              <string-value>2</string-value>
            </equals>
          </marker>
        </condition>
      </row>
      <row>
        <value>
          <marker id="Rules_ALBSupport_doc/2/7" condition="false">
            <scope-for scope-ref="global0" target-entity-id="global">
              <attribute attr-id="LoanALB1Rate" />
            </scope-for>
          </marker>
        </value>
        <condition>
          <marker id="Rules_ALBSupport_doc/2/8">
            <equals>
              <attribute attr-id="LearnDelFAMCode" />
              <string-value>1</string-value>
            </equals>
          </marker>
        </condition>
      </row>
      <otherwise>
        <marker id="Rules_ALBSupport_doc/2/9" condition="false">
          <number-value>0</number-value>
        </marker>
      </otherwise>
    </table-conclude>
    <table-conclude attr-id="FAMALBRateLiabilityDatesStage1" entity-id="LearningDeliveryFAM" scope-id="learningdeliveryfam0">
      <row>
        <value>
          <marker id="Rules_ALBSupport_doc/3/1" condition="false">
            <attribute attr-id="ALBRate" />
          </marker>
        </value>
        <condition>
          <and>
            <marker id="Rules_ALBSupport_doc/3/2">
              <attribute attr-id="ValidForALB" />
            </marker>
            <marker id="Rules_ALBSupport_doc/3/3">
              <for>
                <relationship relationship-id="learningdeliveryassociatedwiththelearningdeliveryfam" target-entity-id="LearningDelivery" />
                <attribute attr-id="IsLiabilityDate" />
              </for>
            </marker>
          </and>
        </condition>
      </row>
      <otherwise>
        <marker id="Rules_ALBSupport_doc/3/4" condition="false">
          <number-value>0</number-value>
        </marker>
      </otherwise>
    </table-conclude>
    <table-conclude attr-id="FAMALBCodeLiabilityDatesStage1" entity-id="LearningDeliveryFAM" scope-id="learningdeliveryfam0">
      <row>
        <value>
          <marker id="Rules_ALBSupport_doc/4/1" condition="false">
            <number>
              <attribute attr-id="LearnDelFAMCode" />
            </number>
          </marker>
        </value>
        <condition>
          <and>
            <marker id="Rules_ALBSupport_doc/4/2">
              <attribute attr-id="ValidForALB" />
            </marker>
            <marker id="Rules_ALBSupport_doc/4/3">
              <for>
                <relationship relationship-id="learningdeliveryassociatedwiththelearningdeliveryfam" target-entity-id="LearningDelivery" />
                <attribute attr-id="IsLiabilityDate" />
              </for>
            </marker>
          </and>
        </condition>
      </row>
      <otherwise>
        <marker id="Rules_ALBSupport_doc/4/4" condition="false">
          <number-value>0</number-value>
        </marker>
      </otherwise>
    </table-conclude>
    <conclude attr-id="ALBRateFirst" entity-id="LearningDeliveryFAM" scope-id="learningdeliveryfam0">
      <value>
        <marker id="Rules_ALBSupport_doc/5/1" condition="false">
          <value-at>
            <for>
              <relationship relationship-id="learningdeliveryassociatedwiththelearningdeliveryfam" target-entity-id="LearningDelivery" />
              <attribute attr-id="FirstLiabilityDate" />
            </for>
            <attribute attr-id="FAMALBRateLiabilityDatesStage1" />
          </value-at>
        </marker>
      </value>
    </conclude>
    <conclude attr-id="ALBCodeFirst" entity-id="LearningDeliveryFAM" scope-id="learningdeliveryfam0">
      <value>
        <marker id="Rules_ALBSupport_doc/6/1" condition="false">
          <value-at>
            <for>
              <relationship relationship-id="learningdeliveryassociatedwiththelearningdeliveryfam" target-entity-id="LearningDelivery" />
              <attribute attr-id="FirstLiabilityDate" />
            </for>
            <attribute attr-id="FAMALBCodeLiabilityDatesStage1" />
          </value-at>
        </marker>
      </value>
    </conclude>
    <table-conclude attr-id="ALBRateLiabilityDatesFAM" entity-id="LearningDeliveryFAM" scope-id="learningdeliveryfam0">
      <row>
        <value>
          <marker id="Rules_ALBSupport_doc/7/1" condition="false">
            <attribute attr-id="ALBRateFirst" />
          </marker>
        </value>
        <condition>
          <marker id="Rules_ALBSupport_doc/7/2">
            <temporal-on>
              <for>
                <relationship relationship-id="learningdeliveryassociatedwiththelearningdeliveryfam" target-entity-id="LearningDelivery" />
                <attribute attr-id="FirstLiabilityDatePeriodStart" />
              </for>
            </temporal-on>
          </marker>
        </condition>
      </row>
      <row>
        <value>
          <marker id="Rules_ALBSupport_doc/7/3" condition="false">
            <number-value>0</number-value>
          </marker>
        </value>
        <condition>
          <marker id="Rules_ALBSupport_doc/7/4">
            <temporal-on>
              <for>
                <relationship relationship-id="learningdeliveryassociatedwiththelearningdeliveryfam" target-entity-id="LearningDelivery" />
                <attribute attr-id="FirstLiabilityDate" />
              </for>
            </temporal-on>
          </marker>
        </condition>
      </row>
      <otherwise>
        <marker id="Rules_ALBSupport_doc/7/5" condition="false">
          <attribute attr-id="FAMALBRateLiabilityDatesStage1" />
        </marker>
      </otherwise>
    </table-conclude>
    <table-conclude attr-id="ALBCodeLiabilityDatesFAM" entity-id="LearningDeliveryFAM" scope-id="learningdeliveryfam0">
      <row>
        <value>
          <marker id="Rules_ALBSupport_doc/8/1" condition="false">
            <attribute attr-id="ALBCodeFirst" />
          </marker>
        </value>
        <condition>
          <marker id="Rules_ALBSupport_doc/8/2">
            <temporal-on>
              <for>
                <relationship relationship-id="learningdeliveryassociatedwiththelearningdeliveryfam" target-entity-id="LearningDelivery" />
                <attribute attr-id="FirstLiabilityDatePeriodStart" />
              </for>
            </temporal-on>
          </marker>
        </condition>
      </row>
      <row>
        <value>
          <marker id="Rules_ALBSupport_doc/8/3" condition="false">
            <number-value>0</number-value>
          </marker>
        </value>
        <condition>
          <marker id="Rules_ALBSupport_doc/8/4">
            <temporal-on>
              <for>
                <relationship relationship-id="learningdeliveryassociatedwiththelearningdeliveryfam" target-entity-id="LearningDelivery" />
                <attribute attr-id="FirstLiabilityDate" />
              </for>
            </temporal-on>
          </marker>
        </condition>
      </row>
      <otherwise>
        <marker id="Rules_ALBSupport_doc/8/5" condition="false">
          <attribute attr-id="FAMALBCodeLiabilityDatesStage1" />
        </marker>
      </otherwise>
    </table-conclude>
    <table-conclude attr-id="ALBRateLiabilityDates" entity-id="LearningDelivery" scope-id="learningdelivery0">
      <row>
        <value>
          <marker id="Rules_ALBSupport_doc/9/1" condition="false">
            <instance-maximum>
              <relationship relationship-id="learningdeliverysfams" target-entity-id="LearningDeliveryFAM" />
              <attribute attr-id="ALBRateLiabilityDatesFAM" />
            </instance-maximum>
          </marker>
        </value>
        <condition>
          <marker id="Rules_ALBSupport_doc/9/2">
            <greater-than>
              <attribute attr-id="LearnDelFAMCount" />
              <number-value>0</number-value>
            </greater-than>
          </marker>
        </condition>
      </row>
      <otherwise>
        <marker id="Rules_ALBSupport_doc/9/3" condition="false">
          <number-value>0</number-value>
        </marker>
      </otherwise>
    </table-conclude>
    <table-conclude attr-id="ALBCodeLiabilityDates" entity-id="LearningDelivery" scope-id="learningdelivery0">
      <row>
        <value>
          <marker id="Rules_ALBSupport_doc/10/1" condition="false">
            <instance-maximum>
              <relationship relationship-id="learningdeliverysfams" target-entity-id="LearningDeliveryFAM" />
              <attribute attr-id="ALBCodeLiabilityDatesFAM" />
            </instance-maximum>
          </marker>
        </value>
        <condition>
          <marker id="Rules_ALBSupport_doc/10/2">
            <greater-than>
              <attribute attr-id="LearnDelFAMCount" />
              <number-value>0</number-value>
            </greater-than>
          </marker>
        </condition>
      </row>
      <otherwise>
        <marker id="Rules_ALBSupport_doc/10/3" condition="false">
          <number-value>0</number-value>
        </marker>
      </otherwise>
    </table-conclude>
    <conclude attr-id="ALBRateLiabilityDatesLearner" entity-id="Learner" scope-id="learner0">
      <value>
        <marker id="Rules_ALBSupport_doc/11/1" condition="false">
          <instance-maximum>
            <relationship relationship-id="learnerslearningdeliveries" target-entity-id="LearningDelivery" />
            <attribute attr-id="ALBRateLiabilityDates" />
          </instance-maximum>
        </marker>
      </value>
    </conclude>
    <conclude attr-id="EarliestHighestRateStartDate" entity-id="Learner" scope-id="learner0">
      <value>
        <marker id="Rules_ALBSupport_doc/12/1" condition="false">
          <instance-minimum-if>
            <relationship relationship-id="learnerslearningdeliveries" target-entity-id="LearningDelivery" />
            <attribute attr-id="LearnStartDate" />
            <equals>
              <attribute attr-id="ALBRateLiabilityDates" />
              <scope-for scope-ref="learner0" target-entity-id="Learner">
                <attribute attr-id="ALBRateLiabilityDatesLearner" />
              </scope-for>
            </equals>
          </instance-minimum-if>
        </marker>
      </value>
    </conclude>
    <conclude attr-id="EarliestHighestRate" entity-id="LearningDelivery" scope-id="learningdelivery0">
      <value>
        <marker id="Rules_ALBSupport_doc/13/1" condition="false">
          <true-value />
        </marker>
      </value>
      <condition>
        <and>
          <marker id="Rules_ALBSupport_doc/13/2">
            <equals>
              <attribute attr-id="LearnStartDate" />
              <for>
                <relationship relationship-id="learnerassociatedwiththelearningdelivery" target-entity-id="Learner" />
                <attribute attr-id="EarliestHighestRateStartDate" />
              </for>
            </equals>
          </marker>
          <marker id="Rules_ALBSupport_doc/13/3">
            <attribute attr-id="LoanBursSupp" />
          </marker>
          <marker id="Rules_ALBSupport_doc/13/4">
            <equals>
              <attribute attr-id="ALBRateLiabilityDates" />
              <for>
                <relationship relationship-id="learnerassociatedwiththelearningdelivery" target-entity-id="Learner" />
                <attribute attr-id="ALBRateLiabilityDatesLearner" />
              </for>
            </equals>
          </marker>
        </and>
      </condition>
      <otherwise>
        <marker id="Rules_ALBSupport_doc/13/5" condition="false">
          <false-value />
        </marker>
      </otherwise>
    </conclude>
    <conclude attr-id="AttractsFundingStage1" entity-id="LearningDelivery" scope-id="learningdelivery0">
      <value>
        <marker id="Rules_ALBSupport_doc/14/1" condition="false">
          <true-value />
        </marker>
      </value>
      <condition>
        <marker id="Rules_ALBSupport_doc/14/2">
          <equals>
            <attribute attr-id="AimSeqNumber" />
            <for>
              <relationship relationship-id="learnerassociatedwiththelearningdelivery" target-entity-id="Learner" />
              <instance-minimum-if>
                <relationship relationship-id="learnerslearningdeliveries" target-entity-id="LearningDelivery" />
                <attribute attr-id="AimSeqNumber" />
                <attribute attr-id="EarliestHighestRate" />
              </instance-minimum-if>
            </for>
          </equals>
        </marker>
      </condition>
      <otherwise>
        <marker id="Rules_ALBSupport_doc/14/3" condition="false">
          <false-value />
        </marker>
      </otherwise>
    </conclude>
    <table-conclude attr-id="AttractsFunding" entity-id="LearningDelivery" scope-id="learningdelivery0">
      <row>
        <value>
          <marker id="Rules_ALBSupport_doc/15/1" condition="false">
            <true-value />
          </marker>
        </value>
        <condition>
          <and>
            <marker id="Rules_ALBSupport_doc/15/2">
              <certain>
                <attribute attr-id="AttractsFundingStage1" />
              </certain>
            </marker>
            <marker id="Rules_ALBSupport_doc/15/3">
              <attribute attr-id="AttractsFundingStage1" />
            </marker>
          </and>
        </condition>
      </row>
      <otherwise>
        <marker id="Rules_ALBSupport_doc/15/4" condition="false">
          <false-value />
        </marker>
      </otherwise>
    </table-conclude>
    <conclude attr-id="ALBSeqNumStage1" entity-id="Learner" scope-id="learner0">
      <value>
        <marker id="Rules_ALBSupport_doc/16/1" condition="false">
          <instance-value-if>
            <relationship relationship-id="learnerslearningdeliveries" target-entity-id="LearningDelivery" />
            <attribute attr-id="AimSeqNumber" />
            <attribute attr-id="AttractsFunding" />
          </instance-value-if>
        </marker>
      </value>
    </conclude>
    <table-conclude attr-id="ALBSeqNumStage2" entity-id="Learner" scope-id="learner0">
      <row>
        <value>
          <marker id="Rules_ALBSupport_doc/17/1" condition="false">
            <attribute attr-id="ALBSeqNumStage1" />
          </marker>
        </value>
        <condition>
          <marker id="Rules_ALBSupport_doc/17/2">
            <certain>
              <attribute attr-id="ALBSeqNumStage1" />
            </certain>
          </marker>
        </condition>
      </row>
      <otherwise>
        <marker id="Rules_ALBSupport_doc/17/3" condition="false">
          <number-value>0</number-value>
        </marker>
      </otherwise>
    </table-conclude>
    <table-conclude attr-id="ALBSeqNum" entity-id="Learner" scope-id="learner0">
      <row>
        <value>
          <marker id="Rules_ALBSupport_doc/18/1" condition="false">
            <value-at>
              <scope-for scope-ref="global0" target-entity-id="global">
                <attribute attr-id="PeriodStartDate" />
              </scope-for>
              <attribute attr-id="ALBSeqNumStage2" />
            </value-at>
          </marker>
        </value>
        <condition>
          <and>
            <marker id="Rules_ALBSupport_doc/18/2">
              <temporal-on-or-after>
                <scope-for scope-ref="global0" target-entity-id="global">
                  <attribute attr-id="PeriodStartDate" />
                </scope-for>
              </temporal-on-or-after>
            </marker>
            <marker id="Rules_ALBSupport_doc/18/3">
              <temporal-on-or-before>
                <scope-for scope-ref="global0" target-entity-id="global">
                  <attribute attr-id="PeriodEndDate" />
                </scope-for>
              </temporal-on-or-before>
            </marker>
          </and>
        </condition>
      </row>
      <otherwise>
        <marker id="Rules_ALBSupport_doc/18/4" condition="false">
          <number-value>0</number-value>
        </marker>
      </otherwise>
    </table-conclude>
    <table-conclude attr-id="ALBCode" entity-id="LearningDelivery" scope-id="learningdelivery0">
      <row>
        <value>
          <marker id="Rules_ALBSupport_doc/19/1" condition="false">
            <value-at>
              <scope-for scope-ref="global0" target-entity-id="global">
                <attribute attr-id="PeriodStartDate" />
              </scope-for>
              <attribute attr-id="ALBCodeLiabilityDates" />
            </value-at>
          </marker>
        </value>
        <condition>
          <and>
            <marker id="Rules_ALBSupport_doc/19/2">
              <equals>
                <attribute attr-id="AimSeqNumber" />
                <for>
                  <relationship relationship-id="learnerassociatedwiththelearningdelivery" target-entity-id="Learner" />
                  <attribute attr-id="ALBSeqNum" />
                </for>
              </equals>
            </marker>
            <marker id="Rules_ALBSupport_doc/19/3">
              <temporal-on-or-after>
                <scope-for scope-ref="global0" target-entity-id="global">
                  <attribute attr-id="PeriodStartDate" />
                </scope-for>
              </temporal-on-or-after>
            </marker>
            <marker id="Rules_ALBSupport_doc/19/4">
              <temporal-on-or-before>
                <scope-for scope-ref="global0" target-entity-id="global">
                  <attribute attr-id="PeriodEndDate" />
                </scope-for>
              </temporal-on-or-before>
            </marker>
          </and>
        </condition>
      </row>
      <otherwise>
        <marker id="Rules_ALBSupport_doc/19/5" condition="false">
          <number-value>0</number-value>
        </marker>
      </otherwise>
    </table-conclude>
    <table-conclude attr-id="ALBSupportPaymentStage1" entity-id="LearningDelivery" scope-id="learningdelivery0">
      <row>
        <value>
          <marker id="Rules_ALBSupport_doc/20/1" condition="false">
            <for>
              <relationship relationship-id="learnerassociatedwiththelearningdelivery" target-entity-id="Learner" />
              <attribute attr-id="ALBRateLiabilityDatesLearner" />
            </for>
          </marker>
        </value>
        <condition>
          <and>
            <marker id="Rules_ALBSupport_doc/20/2">
              <certain>
                <attribute attr-id="AttractsFunding" />
              </certain>
            </marker>
            <marker id="Rules_ALBSupport_doc/20/3">
              <attribute attr-id="AttractsFunding" />
            </marker>
          </and>
        </condition>
      </row>
      <otherwise>
        <marker id="Rules_ALBSupport_doc/20/4" condition="false">
          <number-value>0</number-value>
        </marker>
      </otherwise>
    </table-conclude>
    <table-conclude attr-id="ALBSupportPayment" entity-id="LearningDelivery" scope-id="learningdelivery0">
      <row>
        <value>
          <marker id="Rules_ALBSupport_doc/21/1" condition="false">
            <value-at>
              <scope-for scope-ref="global0" target-entity-id="global">
                <attribute attr-id="PeriodStartDate" />
              </scope-for>
              <attribute attr-id="ALBSupportPaymentStage1" />
            </value-at>
          </marker>
        </value>
        <condition>
          <and>
            <marker id="Rules_ALBSupport_doc/21/2">
              <temporal-on-or-after>
                <scope-for scope-ref="global0" target-entity-id="global">
                  <attribute attr-id="PeriodStartDate" />
                </scope-for>
              </temporal-on-or-after>
            </marker>
            <marker id="Rules_ALBSupport_doc/21/3">
              <temporal-on-or-before>
                <scope-for scope-ref="global0" target-entity-id="global">
                  <attribute attr-id="PeriodEndDate" />
                </scope-for>
              </temporal-on-or-before>
            </marker>
          </and>
        </condition>
      </row>
      <otherwise>
        <marker id="Rules_ALBSupport_doc/21/4" condition="false">
          <number-value>0</number-value>
        </marker>
      </otherwise>
    </table-conclude>
    <table-conclude attr-id="AreaCosEffectiveToStageOne" entity-id="SFA_PostcodeAreaCost" scope-id="learningdeliverypostcodeareacostreferencedata0">
      <row>
        <value>
          <marker id="Rules_AreaUplift_doc/0/1" condition="false">
            <add-days>
              <attribute attr-id="AreaCosEffectiveTo" />
              <number-value>1</number-value>
            </add-days>
          </marker>
        </value>
        <condition>
          <and>
            <marker id="Rules_AreaUplift_doc/0/2">
              <not>
                <unknown>
                  <attribute attr-id="AreaCosEffectiveTo" />
                </unknown>
              </not>
            </marker>
            <marker id="Rules_AreaUplift_doc/0/3">
              <certain>
                <attribute attr-id="AreaCosEffectiveTo" />
              </certain>
            </marker>
          </and>
        </condition>
      </row>
      <otherwise>
        <marker id="Rules_AreaUplift_doc/0/4" condition="false">
          <date-value>2099-01-01</date-value>
        </marker>
      </otherwise>
    </table-conclude>
    <conclude attr-id="AreaCosStageOne" entity-id="LearningDelivery" scope-id="learningdelivery0">
      <value>
        <marker id="Rules_AreaUplift_doc/1/1" condition="false">
          <temporal-from-range>
            <relationship relationship-id="learningdeliveryspostcodeareacostreferencedata" target-entity-id="SFA_PostcodeAreaCost" />
            <attribute attr-id="AreaCosEffectiveFrom" />
            <attribute attr-id="AreaCosEffectiveToStageOne" />
            <attribute attr-id="AreaCosFactor" />
          </temporal-from-range>
        </marker>
      </value>
    </conclude>
    <conclude attr-id="AreaCostFactor" entity-id="LearningDelivery" scope-id="learningdelivery0">
      <value>
        <marker id="Rules_AreaUplift_doc/2/1" condition="false">
          <value-at>
            <attribute attr-id="ApplicFactDate" />
            <attribute attr-id="AreaCosStageOne" />
          </value-at>
        </marker>
      </value>
    </conclude>
    <table-conclude attr-id="AreaCostFactAdj" entity-id="LearningDelivery" scope-id="learningdelivery0">
      <row>
        <value>
          <marker id="Rules_AreaUplift_doc/3/1" condition="false">
            <number-value>0</number-value>
          </marker>
        </value>
        <condition>
          <marker id="Rules_AreaUplift_doc/3/2">
            <not>
              <attribute attr-id="AdvLoan" />
            </not>
          </marker>
        </condition>
      </row>
      <row>
        <value>
          <marker id="Rules_AreaUplift_doc/3/3" condition="false">
            <minus>
              <attribute attr-id="AreaCostFactor" />
              <number-value>1</number-value>
            </minus>
          </marker>
        </value>
        <condition>
          <and>
            <marker id="Rules_AreaUplift_doc/3/4">
              <not>
                <unknown>
                  <attribute attr-id="AreaCostFactor" />
                </unknown>
              </not>
            </marker>
            <marker id="Rules_AreaUplift_doc/3/5">
              <certain>
                <attribute attr-id="AreaCostFactor" />
              </certain>
            </marker>
            <marker id="Rules_AreaUplift_doc/3/6">
              <greater-than>
                <attribute attr-id="AreaCostFactor" />
                <number-value>1</number-value>
              </greater-than>
            </marker>
          </and>
        </condition>
      </row>
      <otherwise>
        <marker id="Rules_AreaUplift_doc/3/7" condition="false">
          <number-value>0</number-value>
        </marker>
      </otherwise>
    </table-conclude>
    <conclude attr-id="LoanBursAreaUplift" entity-id="LearningDelivery" scope-id="learningdelivery0">
      <value>
        <marker id="Rules_AreaUplift_doc/4/1" condition="false">
          <true-value />
        </marker>
      </value>
      <condition>
        <and>
          <marker id="Rules_AreaUplift_doc/4/2">
            <attribute attr-id="FundStart" />
          </marker>
          <marker id="Rules_AreaUplift_doc/4/3">
            <attribute attr-id="AdvLoan" />
          </marker>
          <marker id="Rules_AreaUplift_doc/4/4">
            <greater-than>
              <attribute attr-id="AreaCostFactAdj" />
              <number-value>0</number-value>
            </greater-than>
          </marker>
        </and>
      </condition>
      <otherwise>
        <marker id="Rules_AreaUplift_doc/4/5" condition="false">
          <false-value />
        </marker>
      </otherwise>
    </conclude>
    <conclude attr-id="BaseWeightedRate" entity-id="LearningDelivery" scope-id="learningdelivery0">
      <value>
        <marker id="Rules_AreaUplift_doc/5/1" condition="false">
          <value-at>
            <attribute attr-id="StartDateAdjusted" />
            <attribute attr-id="MatrixWeightedRate" />
          </value-at>
        </marker>
      </value>
    </conclude>
    <table-conclude attr-id="WeightedRate" entity-id="LearningDelivery" scope-id="learningdelivery0">
      <row>
        <value>
          <marker id="Rules_AreaUplift_doc/6/1" condition="false">
            <attribute attr-id="BaseWeightedRate" />
          </marker>
        </value>
        <condition>
          <and>
            <marker id="Rules_AreaUplift_doc/6/2">
              <attribute attr-id="LoanBursAreaUplift" />
            </marker>
            <marker id="Rules_AreaUplift_doc/6/3">
              <not>
                <unknown>
                  <attribute attr-id="BaseWeightedRate" />
                </unknown>
              </not>
            </marker>
            <marker id="Rules_AreaUplift_doc/6/4">
              <certain>
                <attribute attr-id="BaseWeightedRate" />
              </certain>
            </marker>
          </and>
        </condition>
      </row>
      <otherwise>
        <marker id="Rules_AreaUplift_doc/6/5" condition="false">
          <number-value>0</number-value>
        </marker>
      </otherwise>
    </table-conclude>
    <table-conclude attr-id="KnownFundAdj" entity-id="LearningDelivery" scope-id="learningdelivery0">
      <row>
        <value>
          <marker id="Rules_AreaUplift_doc/7/1" condition="false">
            <divide>
              <multiply>
                <divide>
                  <attribute attr-id="PriorLearnFundAdj" />
                  <number-value>100</number-value>
                </divide>
                <attribute attr-id="OtherFundAdj" />
              </multiply>
              <number-value>100</number-value>
            </divide>
          </marker>
        </value>
        <condition>
          <and>
            <marker id="Rules_AreaUplift_doc/7/2">
              <not>
                <unknown>
                  <attribute attr-id="PriorLearnFundAdj" />
                </unknown>
              </not>
            </marker>
            <marker id="Rules_AreaUplift_doc/7/3">
              <not>
                <unknown>
                  <attribute attr-id="OtherFundAdj" />
                </unknown>
              </not>
            </marker>
          </and>
        </condition>
      </row>
      <row>
        <value>
          <marker id="Rules_AreaUplift_doc/7/4" condition="false">
            <divide>
              <attribute attr-id="PriorLearnFundAdj" />
              <number-value>100</number-value>
            </divide>
          </marker>
        </value>
        <condition>
          <marker id="Rules_AreaUplift_doc/7/5">
            <not>
              <unknown>
                <attribute attr-id="PriorLearnFundAdj" />
              </unknown>
            </not>
          </marker>
        </condition>
      </row>
      <row>
        <value>
          <marker id="Rules_AreaUplift_doc/7/6" condition="false">
            <divide>
              <attribute attr-id="OtherFundAdj" />
              <number-value>100</number-value>
            </divide>
          </marker>
        </value>
        <condition>
          <marker id="Rules_AreaUplift_doc/7/7">
            <not>
              <unknown>
                <attribute attr-id="OtherFundAdj" />
              </unknown>
            </not>
          </marker>
        </condition>
      </row>
      <otherwise>
        <marker id="Rules_AreaUplift_doc/7/8" condition="false">
          <number-value>1</number-value>
        </marker>
      </otherwise>
    </table-conclude>
    <conclude attr-id="WeightingFactorStage1" entity-id="LearningDelivery" scope-id="learningdelivery0">
      <value>
        <marker id="Rules_AreaUplift_doc/8/1" condition="false">
          <value-at>
            <attribute attr-id="StartDateAdjusted" />
            <attribute attr-id="MatrixWeightingFactor" />
          </value-at>
        </marker>
      </value>
    </conclude>
    <table-conclude attr-id="ApplicProgWeightFact" entity-id="LearningDelivery" scope-id="learningdelivery0">
      <row>
        <value>
          <marker id="Rules_AreaUplift_doc/9/1" condition="false">
            <attribute attr-id="WeightingFactorStage1" />
          </marker>
        </value>
        <condition>
          <and>
            <marker id="Rules_AreaUplift_doc/9/2">
              <not>
                <unknown>
                  <attribute attr-id="WeightingFactorStage1" />
                </unknown>
              </not>
            </marker>
            <marker id="Rules_AreaUplift_doc/9/3">
              <certain>
                <attribute attr-id="WeightingFactorStage1" />
              </certain>
            </marker>
          </and>
        </condition>
      </row>
      <otherwise>
        <marker id="Rules_AreaUplift_doc/9/4" condition="false">
          <string-value>A</string-value>
        </marker>
      </otherwise>
    </table-conclude>
    <conclude attr-id="SpecResUplift" entity-id="LearningDelivery" scope-id="learningdelivery0">
      <value>
        <marker id="Rules_AreaUplift_doc/10/1" condition="false">
          <number-value>1</number-value>
        </marker>
      </value>
    </conclude>
    <conclude attr-id="AreaUpliftAimValue" entity-id="LearningDelivery" scope-id="learningdelivery0">
      <value>
        <marker id="Rules_AreaUplift_doc/11/1" condition="false">
          <multiply>
            <attribute attr-id="WeightedRate" />
            <attribute attr-id="AreaCostFactAdj" />
            <attribute attr-id="KnownFundAdj" />
            <attribute attr-id="SpecResUplift" />
          </multiply>
        </marker>
      </value>
    </conclude>
    <table-conclude attr-id="AreaCostInstalment" entity-id="LearningDelivery" scope-id="learningdelivery0">
      <row>
        <value>
          <marker id="Rules_AreaUplift_doc/12/1" condition="false">
            <divide>
              <attribute attr-id="AreaUpliftAimValue" />
              <attribute attr-id="PlannedNumOnProgInstalm" />
            </divide>
          </marker>
        </value>
        <condition>
          <and>
            <marker id="Rules_AreaUplift_doc/12/2">
              <greater-than>
                <attribute attr-id="PlannedNumOnProgInstalm" />
                <number-value>0</number-value>
              </greater-than>
            </marker>
            <marker id="Rules_AreaUplift_doc/12/3">
              <attribute attr-id="LoanBursAreaUplift" />
            </marker>
          </and>
        </condition>
      </row>
      <otherwise>
        <marker id="Rules_AreaUplift_doc/12/4" condition="false">
          <number-value>0</number-value>
        </marker>
      </otherwise>
    </table-conclude>
    <conclude attr-id="HasAreaUpliftCash" entity-id="LearningDelivery" scope-id="learningdelivery0">
      <value>
        <marker id="Rules_AreaUplift_doc/13/1" condition="false">
          <true-value />
        </marker>
      </value>
      <condition>
        <and>
          <marker id="Rules_AreaUplift_doc/13/2">
            <attribute attr-id="LoanBursAreaUplift" />
          </marker>
          <marker id="Rules_AreaUplift_doc/13/3">
            <temporal-on-or-after>
              <attribute attr-id="FirstLiabilityDatePeriodStart" />
            </temporal-on-or-after>
          </marker>
          <marker id="Rules_AreaUplift_doc/13/4">
            <temporal-on-or-before>
              <attribute attr-id="LearnDelApplicEndDateEndPeriod" />
            </temporal-on-or-before>
          </marker>
        </and>
      </condition>
      <otherwise>
        <marker id="Rules_AreaUplift_doc/13/5" condition="false">
          <false-value />
        </marker>
      </otherwise>
    </conclude>
    <table-conclude attr-id="AreaUpliftOnProgPayment" entity-id="LearningDelivery" scope-id="learningdelivery0">
      <row>
        <value>
          <marker id="Rules_AreaUplift_doc/14/1" condition="false">
            <attribute attr-id="AreaCostInstalment" />
          </marker>
        </value>
        <condition>
          <marker id="Rules_AreaUplift_doc/14/2">
            <attribute attr-id="HasAreaUpliftCash" />
          </marker>
        </condition>
      </row>
      <otherwise>
        <marker id="Rules_AreaUplift_doc/14/3" condition="false">
          <number-value>0</number-value>
        </marker>
      </otherwise>
    </table-conclude>
    <conclude attr-id="Achieved" entity-id="LearningDelivery" scope-id="learningdelivery0">
      <value>
        <marker id="Rules_AreaUplift_doc/15/1" condition="false">
          <true-value />
        </marker>
      </value>
      <condition>
        <and>
          <marker id="Rules_AreaUplift_doc/15/2">
            <not>
              <unknown>
                <attribute attr-id="CompStatus" />
              </unknown>
            </not>
          </marker>
          <marker id="Rules_AreaUplift_doc/15/3">
            <equals>
              <attribute attr-id="CompStatus" />
              <number-value>2</number-value>
            </equals>
          </marker>
          <marker id="Rules_AreaUplift_doc/15/4">
            <not>
              <unknown>
                <attribute attr-id="Outcome" />
              </unknown>
            </not>
          </marker>
          <or>
            <marker id="Rules_AreaUplift_doc/15/5">
              <equals>
                <attribute attr-id="Outcome" />
                <number-value>1</number-value>
              </equals>
            </marker>
            <marker id="Rules_AreaUplift_doc/15/6">
              <equals>
                <attribute attr-id="Outcome" />
                <number-value>6</number-value>
              </equals>
            </marker>
            <marker id="Rules_AreaUplift_doc/15/7">
              <equals>
                <attribute attr-id="Outcome" />
                <number-value>7</number-value>
              </equals>
            </marker>
          </or>
          <marker id="Rules_AreaUplift_doc/15/8">
            <not>
              <unknown>
                <attribute attr-id="LearnActEndDate" />
              </unknown>
            </not>
          </marker>
        </and>
      </condition>
      <otherwise>
        <marker id="Rules_AreaUplift_doc/15/9" condition="false">
          <false-value />
        </marker>
      </otherwise>
    </conclude>
    <conclude attr-id="QualifyAreaUpliftBalancingPayment" entity-id="LearningDelivery" scope-id="learningdelivery0">
      <value>
        <marker id="Rules_AreaUplift_doc/16/1" condition="false">
          <true-value />
        </marker>
      </value>
      <condition>
        <and>
          <marker id="Rules_AreaUplift_doc/16/2">
            <attribute attr-id="LoanBursAreaUplift" />
          </marker>
          <marker id="Rules_AreaUplift_doc/16/3">
            <less-than>
              <attribute attr-id="ActualNumInstalm" />
              <attribute attr-id="PlannedNumOnProgInstalm" />
            </less-than>
          </marker>
          <marker id="Rules_AreaUplift_doc/16/4">
            <attribute attr-id="Achieved" />
          </marker>
        </and>
      </condition>
      <otherwise>
        <marker id="Rules_AreaUplift_doc/16/5" condition="false">
          <false-value />
        </marker>
      </otherwise>
    </conclude>
    <table-conclude attr-id="AreaUpliftBalPayment" entity-id="LearningDelivery" scope-id="learningdelivery0">
      <row>
        <value>
          <marker id="Rules_AreaUplift_doc/17/1" condition="false">
            <multiply>
              <attribute attr-id="OutstndNumOnProgInstalm" />
              <attribute attr-id="AreaCostInstalment" />
            </multiply>
          </marker>
        </value>
        <condition>
          <and>
            <marker id="Rules_AreaUplift_doc/17/2">
              <attribute attr-id="QualifyAreaUpliftBalancingPayment" />
            </marker>
            <marker id="Rules_AreaUplift_doc/17/3">
              <temporal-on-or-after>
                <attribute attr-id="ActualEndDatePeriodStart" />
              </temporal-on-or-after>
            </marker>
            <marker id="Rules_AreaUplift_doc/17/4">
              <temporal-before>
                <add-months>
                  <attribute attr-id="ActualEndDatePeriodStart" />
                  <number-value>1</number-value>
                </add-months>
              </temporal-before>
            </marker>
          </and>
        </condition>
      </row>
      <otherwise>
        <marker id="Rules_AreaUplift_doc/17/5" condition="false">
          <number-value>0</number-value>
        </marker>
      </otherwise>
    </table-conclude>
    <conclude attr-id="LARSFundCategoryUC" entity-id="LearningDeliveryLARS_Funding" scope-id="learningdeliverylarsfunding0">
      <value>
        <marker id="Rules_LARSFundingRates_doc/0/1" condition="false">
          <custom-function name="ToUpper" return-type="Text">
            <attribute attr-id="LARSFundCategory" />
          </custom-function>
        </marker>
      </value>
    </conclude>
    <table-conclude attr-id="LARSFundEffectiveToStageOne" entity-id="LearningDeliveryLARS_Funding" scope-id="learningdeliverylarsfunding0">
      <row>
        <value>
          <marker id="Rules_LARSFundingRates_doc/1/1" condition="false">
            <add-days>
              <attribute attr-id="LARSFundEffectiveTo" />
              <number-value>1</number-value>
            </add-days>
          </marker>
        </value>
        <condition>
          <and>
            <marker id="Rules_LARSFundingRates_doc/1/2">
              <not>
                <unknown>
                  <attribute attr-id="LARSFundEffectiveTo" />
                </unknown>
              </not>
            </marker>
            <marker id="Rules_LARSFundingRates_doc/1/3">
              <certain>
                <attribute attr-id="LARSFundEffectiveTo" />
              </certain>
            </marker>
          </and>
        </condition>
      </row>
      <otherwise>
        <marker id="Rules_LARSFundingRates_doc/1/4" condition="false">
          <date-value>2099-01-01</date-value>
        </marker>
      </otherwise>
    </table-conclude>
    <conclude attr-id="MatrixWeightedRateStage1" entity-id="LearningDelivery" scope-id="learningdelivery0">
      <value>
        <marker id="Rules_LARSFundingRates_doc/2/1" condition="false">
          <temporal-from-range>
            <relationship relationship-id="learningdeliveryslarsfundingmatrixfundingcategories" target-entity-id="LearningDeliveryLARS_Funding" />
            <attribute attr-id="LARSFundEffectiveFrom" />
            <attribute attr-id="LARSFundEffectiveToStageOne" />
            <attribute attr-id="LARSFundWeightedRate" />
          </temporal-from-range>
        </marker>
      </value>
    </conclude>
    <table-conclude attr-id="MatrixWeightedRate" entity-id="LearningDelivery" scope-id="learningdelivery0">
      <row>
        <value>
          <marker id="Rules_LARSFundingRates_doc/3/1" condition="false">
            <attribute attr-id="MatrixWeightedRateStage1" />
          </marker>
        </value>
        <condition>
          <and>
            <marker id="Rules_LARSFundingRates_doc/3/2">
              <not>
                <unknown>
                  <attribute attr-id="MatrixWeightedRateStage1" />
                </unknown>
              </not>
            </marker>
            <marker id="Rules_LARSFundingRates_doc/3/3">
              <certain>
                <attribute attr-id="MatrixWeightedRateStage1" />
              </certain>
            </marker>
          </and>
        </condition>
      </row>
      <otherwise>
        <marker id="Rules_LARSFundingRates_doc/3/4" condition="false">
          <number-value>0</number-value>
        </marker>
      </otherwise>
    </table-conclude>
    <conclude-rel relationship-id="learningdeliveryslarsfundingmatrixfundingcategories" source="LearningDelivery" source-scope-id="learningdelivery0" target-scope-id="learningdeliverylarsfunding0">
      <condition>
        <and>
          <marker id="Rules_Relationships_doc/0/1">
            <exists-in scope-ref="learningdelivery0" scope-is-source="true" scope-entity-id="LearningDelivery">
              <relationship relationship-id="learningdeliveryslarsfundingrates" target-entity-id="LearningDeliveryLARS_Funding" />
            </exists-in>
          </marker>
          <marker id="Rules_Relationships_doc/0/2">
            <not>
              <unknown>
                <attribute attr-id="LARSFundCategoryUC" />
              </unknown>
            </not>
          </marker>
          <marker id="Rules_Relationships_doc/0/3">
            <equals>
              <attribute attr-id="LARSFundCategoryUC" />
              <string-value>MATRIX</string-value>
            </equals>
          </marker>
        </and>
      </condition>
    </conclude-rel>
    <conclude attr-id="RulebaseVersion" entity-id="global" scope-id="global0">
      <value>
        <marker id="Documents_Version_doc/0/1" condition="false">
          <string-value>1920.02.02</string-value>
        </marker>
      </value>
    </conclude>
  </rules>
</rulebase>