﻿<?xml version="1.0" encoding="utf-8"?>
<rulebase product-version="10.4.5.40" region="en-GB">
  <entity text="Global" name="global" singleton="true">
    <attribute name="AcademicYearStart" type="Date" />
    <attribute name="AcademicYearEnd" type="Date" />
    <attribute name="PrdStartDate" type="Date" />
    <attribute name="periodnumber" type="Number" />
    <attribute name="b1@Rules_Mergetest_doc" type="Boolean" />
    <attribute name="b2@Rules_Mergetest_doc" type="Boolean" />
    <attribute name="UKPRN" type="Number" />
    <attribute name="RulebaseVersion" type="Text" />
  </entity>
  <entity text="the learner" name="Learner" singleton="false">
    <attribute name="LnrIsNonTrainee" type="Boolean" />
    <attribute name="LnrIsTrainee" type="Boolean" />
    <attribute name="LnrPrdInLearning" type="Number" />
    <attribute name="LnrPeriodisation1stDay" type="Date" />
    <attribute name="LnrPeriodisationLastDay" type="Date" />
    <attribute name="LnrMnthlyAmnt" type="Number" />
    <attribute name="OnProgPayment" type="Currency" />
    <attribute name="LnrPrd1Pay" type="Currency" />
    <attribute name="LnrPrd2Pay" type="Currency" />
    <attribute name="LnrPrd3Pay" type="Currency" />
    <attribute name="LnrPrd4Pay" type="Currency" />
    <attribute name="LnrPrd5Pay" type="Currency" />
    <attribute name="LnrPrd6Pay" type="Currency" />
    <attribute name="LnrPrd7Pay" type="Currency" />
    <attribute name="LnrPrd8Pay" type="Currency" />
    <attribute name="LnrPrd9Pay" type="Currency" />
    <attribute name="LnrPrd10Pay" type="Currency" />
    <attribute name="LnrPrd11Pay" type="Currency" />
    <attribute name="LnrPrd12Pay" type="Currency" />
    <attribute name="FundLine" type="Text" />
    <attribute name="LnrOnProgPay" type="Number" />
    <attribute name="LnrPrdEndDate" type="Date" />
    <attribute name="AcadMonthPayment" type="Number" />
    <attribute name="LnrPlndEndDateLastYr" type="Boolean" />
    <attribute name="LnrPrdStartDate" type="Date" />
    <attribute name="LearnerStartDate" type="Date" />
    <attribute name="LearnerActEndDate" type="Date" />
    <attribute name="LearnerPlanEndDate" type="Date" />
    <attribute name="LnrPeriodisation1stDayAfterEnd" type="Date" />
    <attribute name="LearnRefNumber" type="Text" />
  </entity>
  <relationship relationship-id="learners" relationship-text="the learners" reverse-relationship-id="global_learners_rev" source="global" target="Learner" type="OneToMany" is-containment="true" />
  <rules module="EFA Periodisation:E6B0AB05BC35C3D3D0A78AEF4C024101008ABF6E731DC7B2DB1A8A905158FFFB">
    <conclude attr-id="LnrPrdInLearning" entity-id="Learner" scope-id="learner0">
      <value>
        <marker id="Rules_EFAPeriodisation_doc/0/1" condition="false">
          <month-difference-inclusive>
            <attribute attr-id="LnrPeriodisation1stDay" />
            <attribute attr-id="LnrPeriodisationLastDay" />
          </month-difference-inclusive>
        </marker>
      </value>
    </conclude>
    <conclude attr-id="LnrMnthlyAmnt" entity-id="Learner" scope-id="learner0">
      <value>
        <marker id="Rules_EFAPeriodisation_doc/1/1" condition="false">
          <divide>
            <attribute attr-id="OnProgPayment" />
            <attribute attr-id="LnrPrdInLearning" />
          </divide>
        </marker>
      </value>
    </conclude>
    <conclude attr-id="LnrIsNonTrainee" entity-id="Learner" scope-id="learner0">
      <value>
        <marker id="Rules_EFAPeriodisation_doc/2/1" condition="false">
          <true-value />
        </marker>
      </value>
      <condition>
        <and>
          <marker id="Rules_EFAPeriodisation_doc/2/2">
            <not>
              <unknown>
                <attribute attr-id="FundLine" />
              </unknown>
            </not>
          </marker>
          <marker id="Rules_EFAPeriodisation_doc/2/3">
            <equals>
              <attribute attr-id="FundLine" />
              <string-value>25+ Students with an EHCP</string-value>
            </equals>
          </marker>
        </and>
      </condition>
      <otherwise>
        <marker id="Rules_EFAPeriodisation_doc/2/4" condition="false">
          <false-value />
        </marker>
      </otherwise>
    </conclude>
    <conclude attr-id="LnrIsTrainee" entity-id="Learner" scope-id="learner0">
      <value>
        <marker id="Rules_EFAPeriodisation_doc/3/1" condition="false">
          <true-value />
        </marker>
      </value>
      <condition>
        <and>
          <marker id="Rules_EFAPeriodisation_doc/3/2">
            <not>
              <unknown>
                <attribute attr-id="FundLine" />
              </unknown>
            </not>
          </marker>
          <or>
            <marker id="Rules_EFAPeriodisation_doc/3/3">
              <equals>
                <attribute attr-id="FundLine" />
                <string-value>19+ Traineeships (Adult Funded)</string-value>
              </equals>
            </marker>
            <marker id="Rules_EFAPeriodisation_doc/3/4">
              <equals>
                <attribute attr-id="FundLine" />
                <string-value>16-18 Traineeships (Adult Funded)</string-value>
              </equals>
            </marker>
          </or>
        </and>
      </condition>
      <otherwise>
        <marker id="Rules_EFAPeriodisation_doc/3/5" condition="false">
          <false-value />
        </marker>
      </otherwise>
    </conclude>
    <table-conclude attr-id="LnrOnProgPay" entity-id="Learner" scope-id="learner0">
      <row>
        <value>
          <marker id="Rules_EFAPeriodisation_doc/4/1" condition="false">
            <attribute attr-id="LnrMnthlyAmnt" />
          </marker>
        </value>
        <condition>
          <and>
            <marker id="Rules_EFAPeriodisation_doc/4/2">
              <attribute attr-id="LnrIsTrainee" />
            </marker>
            <marker id="Rules_EFAPeriodisation_doc/4/3">
              <temporal-on-or-after>
                <attribute attr-id="LnrPeriodisation1stDay" />
              </temporal-on-or-after>
            </marker>
            <marker id="Rules_EFAPeriodisation_doc/4/4">
              <temporal-on-or-before>
                <attribute attr-id="LnrPeriodisationLastDay" />
              </temporal-on-or-before>
            </marker>
          </and>
        </condition>
      </row>
      <row>
        <value>
          <marker id="Rules_EFAPeriodisation_doc/4/5" condition="false">
            <attribute attr-id="OnProgPayment" />
          </marker>
        </value>
        <condition>
          <and>
            <marker id="Rules_EFAPeriodisation_doc/4/6">
              <attribute attr-id="LnrIsNonTrainee" />
            </marker>
            <marker id="Rules_EFAPeriodisation_doc/4/7">
              <not>
                <unknown>
                  <attribute attr-id="AcadMonthPayment" />
                </unknown>
              </not>
            </marker>
            <marker id="Rules_EFAPeriodisation_doc/4/8">
              <certain>
                <attribute attr-id="AcadMonthPayment" />
              </certain>
            </marker>
            <marker id="Rules_EFAPeriodisation_doc/4/9">
              <greater-than>
                <attribute attr-id="AcadMonthPayment" />
                <number-value>0</number-value>
              </greater-than>
            </marker>
            <marker id="Rules_EFAPeriodisation_doc/4/10">
              <temporal-on-or-after>
                <attribute attr-id="LnrPeriodisation1stDay" />
              </temporal-on-or-after>
            </marker>
            <marker id="Rules_EFAPeriodisation_doc/4/11">
              <temporal-on-or-before>
                <attribute attr-id="LnrPrdEndDate" />
              </temporal-on-or-before>
            </marker>
          </and>
        </condition>
      </row>
      <otherwise>
        <marker id="Rules_EFAPeriodisation_doc/4/12" condition="false">
          <number-value>0</number-value>
        </marker>
      </otherwise>
    </table-conclude>
    <conclude attr-id="LnrPrd1Pay" entity-id="Learner" scope-id="learner0">
      <value>
        <marker id="Rules_EFAPeriodisation_doc/5/1" condition="false">
          <value-at>
            <scope-for scope-ref="global0" target-entity-id="global">
              <attribute attr-id="AcademicYearStart" />
            </scope-for>
            <attribute attr-id="LnrOnProgPay" />
          </value-at>
        </marker>
      </value>
    </conclude>
    <conclude attr-id="LnrPrd2Pay" entity-id="Learner" scope-id="learner0">
      <value>
        <marker id="Rules_EFAPeriodisation_doc/6/1" condition="false">
          <value-at>
            <add-months>
              <scope-for scope-ref="global0" target-entity-id="global">
                <attribute attr-id="AcademicYearStart" />
              </scope-for>
              <number-value>1</number-value>
            </add-months>
            <attribute attr-id="LnrOnProgPay" />
          </value-at>
        </marker>
      </value>
    </conclude>
    <conclude attr-id="LnrPrd3Pay" entity-id="Learner" scope-id="learner0">
      <value>
        <marker id="Rules_EFAPeriodisation_doc/7/1" condition="false">
          <value-at>
            <add-months>
              <scope-for scope-ref="global0" target-entity-id="global">
                <attribute attr-id="AcademicYearStart" />
              </scope-for>
              <number-value>2</number-value>
            </add-months>
            <attribute attr-id="LnrOnProgPay" />
          </value-at>
        </marker>
      </value>
    </conclude>
    <conclude attr-id="LnrPrd4Pay" entity-id="Learner" scope-id="learner0">
      <value>
        <marker id="Rules_EFAPeriodisation_doc/8/1" condition="false">
          <value-at>
            <add-months>
              <scope-for scope-ref="global0" target-entity-id="global">
                <attribute attr-id="AcademicYearStart" />
              </scope-for>
              <number-value>3</number-value>
            </add-months>
            <attribute attr-id="LnrOnProgPay" />
          </value-at>
        </marker>
      </value>
    </conclude>
    <conclude attr-id="LnrPrd5Pay" entity-id="Learner" scope-id="learner0">
      <value>
        <marker id="Rules_EFAPeriodisation_doc/9/1" condition="false">
          <value-at>
            <add-months>
              <scope-for scope-ref="global0" target-entity-id="global">
                <attribute attr-id="AcademicYearStart" />
              </scope-for>
              <number-value>4</number-value>
            </add-months>
            <attribute attr-id="LnrOnProgPay" />
          </value-at>
        </marker>
      </value>
    </conclude>
    <conclude attr-id="LnrPrd6Pay" entity-id="Learner" scope-id="learner0">
      <value>
        <marker id="Rules_EFAPeriodisation_doc/10/1" condition="false">
          <value-at>
            <add-months>
              <scope-for scope-ref="global0" target-entity-id="global">
                <attribute attr-id="AcademicYearStart" />
              </scope-for>
              <number-value>5</number-value>
            </add-months>
            <attribute attr-id="LnrOnProgPay" />
          </value-at>
        </marker>
      </value>
    </conclude>
    <conclude attr-id="LnrPrd7Pay" entity-id="Learner" scope-id="learner0">
      <value>
        <marker id="Rules_EFAPeriodisation_doc/11/1" condition="false">
          <value-at>
            <add-months>
              <scope-for scope-ref="global0" target-entity-id="global">
                <attribute attr-id="AcademicYearStart" />
              </scope-for>
              <number-value>6</number-value>
            </add-months>
            <attribute attr-id="LnrOnProgPay" />
          </value-at>
        </marker>
      </value>
    </conclude>
    <conclude attr-id="LnrPrd8Pay" entity-id="Learner" scope-id="learner0">
      <value>
        <marker id="Rules_EFAPeriodisation_doc/12/1" condition="false">
          <value-at>
            <add-months>
              <scope-for scope-ref="global0" target-entity-id="global">
                <attribute attr-id="AcademicYearStart" />
              </scope-for>
              <number-value>7</number-value>
            </add-months>
            <attribute attr-id="LnrOnProgPay" />
          </value-at>
        </marker>
      </value>
    </conclude>
    <conclude attr-id="LnrPrd9Pay" entity-id="Learner" scope-id="learner0">
      <value>
        <marker id="Rules_EFAPeriodisation_doc/13/1" condition="false">
          <value-at>
            <add-months>
              <scope-for scope-ref="global0" target-entity-id="global">
                <attribute attr-id="AcademicYearStart" />
              </scope-for>
              <number-value>8</number-value>
            </add-months>
            <attribute attr-id="LnrOnProgPay" />
          </value-at>
        </marker>
      </value>
    </conclude>
    <conclude attr-id="LnrPrd10Pay" entity-id="Learner" scope-id="learner0">
      <value>
        <marker id="Rules_EFAPeriodisation_doc/14/1" condition="false">
          <value-at>
            <add-months>
              <scope-for scope-ref="global0" target-entity-id="global">
                <attribute attr-id="AcademicYearStart" />
              </scope-for>
              <number-value>9</number-value>
            </add-months>
            <attribute attr-id="LnrOnProgPay" />
          </value-at>
        </marker>
      </value>
    </conclude>
    <conclude attr-id="LnrPrd11Pay" entity-id="Learner" scope-id="learner0">
      <value>
        <marker id="Rules_EFAPeriodisation_doc/15/1" condition="false">
          <value-at>
            <add-months>
              <scope-for scope-ref="global0" target-entity-id="global">
                <attribute attr-id="AcademicYearStart" />
              </scope-for>
              <number-value>10</number-value>
            </add-months>
            <attribute attr-id="LnrOnProgPay" />
          </value-at>
        </marker>
      </value>
    </conclude>
    <conclude attr-id="LnrPrd12Pay" entity-id="Learner" scope-id="learner0">
      <value>
        <marker id="Rules_EFAPeriodisation_doc/16/1" condition="false">
          <value-at>
            <add-months>
              <scope-for scope-ref="global0" target-entity-id="global">
                <attribute attr-id="AcademicYearStart" />
              </scope-for>
              <number-value>11</number-value>
            </add-months>
            <attribute attr-id="LnrOnProgPay" />
          </value-at>
        </marker>
      </value>
    </conclude>
    <table-conclude attr-id="LnrPrdStartDate" entity-id="Learner" scope-id="learner0">
      <row>
        <value>
          <marker id="Rules_DateRules_doc/0/1" condition="false">
            <maximum>
              <attribute attr-id="LearnerStartDate" />
              <scope-for scope-ref="global0" target-entity-id="global">
                <attribute attr-id="AcademicYearStart" />
              </scope-for>
            </maximum>
          </marker>
        </value>
        <condition>
          <marker id="Rules_DateRules_doc/0/2">
            <attribute attr-id="LnrIsTrainee" />
          </marker>
        </condition>
      </row>
      <row>
        <value>
          <marker id="Rules_DateRules_doc/0/3" condition="false">
            <add-months>
              <add-months>
                <scope-for scope-ref="global0" target-entity-id="global">
                  <attribute attr-id="AcademicYearStart" />
                </scope-for>
                <negate>
                  <number-value>1</number-value>
                </negate>
              </add-months>
              <attribute attr-id="AcadMonthPayment" />
            </add-months>
          </marker>
        </value>
        <condition>
          <and>
            <marker id="Rules_DateRules_doc/0/4">
              <attribute attr-id="LnrIsNonTrainee" />
            </marker>
            <marker id="Rules_DateRules_doc/0/5">
              <not>
                <unknown>
                  <attribute attr-id="AcadMonthPayment" />
                </unknown>
              </not>
            </marker>
          </and>
        </condition>
      </row>
      <otherwise>
        <marker id="Rules_DateRules_doc/0/6" condition="false">
          <scope-for scope-ref="global0" target-entity-id="global">
            <attribute attr-id="AcademicYearStart" />
          </scope-for>
        </marker>
      </otherwise>
    </table-conclude>
    <conclude attr-id="LnrPlndEndDateLastYr" entity-id="Learner" scope-id="learner0">
      <value>
        <marker id="Rules_DateRules_doc/1/1" condition="false">
          <true-value />
        </marker>
      </value>
      <condition>
        <marker id="Rules_DateRules_doc/1/2">
          <less-than>
            <attribute attr-id="LearnerPlanEndDate" />
            <scope-for scope-ref="global0" target-entity-id="global">
              <attribute attr-id="AcademicYearStart" />
            </scope-for>
          </less-than>
        </marker>
      </condition>
      <otherwise>
        <marker id="Rules_DateRules_doc/1/3" condition="false">
          <false-value />
        </marker>
      </otherwise>
    </conclude>
    <table-conclude attr-id="LnrPrdEndDate" entity-id="Learner" scope-id="learner0">
      <row>
        <value>
          <marker id="Rules_DateRules_doc/2/1" condition="false">
            <minimum>
              <minimum>
                <attribute attr-id="LearnerPlanEndDate" />
                <scope-for scope-ref="global0" target-entity-id="global">
                  <attribute attr-id="AcademicYearEnd" />
                </scope-for>
              </minimum>
              <attribute attr-id="LearnerActEndDate" />
            </minimum>
          </marker>
        </value>
        <condition>
          <and>
            <marker id="Rules_DateRules_doc/2/2">
              <attribute attr-id="LnrIsTrainee" />
            </marker>
            <marker id="Rules_DateRules_doc/2/3">
              <not>
                <attribute attr-id="LnrPlndEndDateLastYr" />
              </not>
            </marker>
            <marker id="Rules_DateRules_doc/2/4">
              <not>
                <unknown>
                  <attribute attr-id="LearnerActEndDate" />
                </unknown>
              </not>
            </marker>
          </and>
        </condition>
      </row>
      <row>
        <value>
          <marker id="Rules_DateRules_doc/2/5" condition="false">
            <minimum>
              <attribute attr-id="LearnerPlanEndDate" />
              <scope-for scope-ref="global0" target-entity-id="global">
                <attribute attr-id="AcademicYearEnd" />
              </scope-for>
            </minimum>
          </marker>
        </value>
        <condition>
          <and>
            <marker id="Rules_DateRules_doc/2/6">
              <attribute attr-id="LnrIsTrainee" />
            </marker>
            <marker id="Rules_DateRules_doc/2/7">
              <not>
                <attribute attr-id="LnrPlndEndDateLastYr" />
              </not>
            </marker>
            <marker id="Rules_DateRules_doc/2/8">
              <unknown>
                <attribute attr-id="LearnerActEndDate" />
              </unknown>
            </marker>
          </and>
        </condition>
      </row>
      <row>
        <value>
          <marker id="Rules_DateRules_doc/2/9" condition="false">
            <attribute attr-id="LearnerActEndDate" />
          </marker>
        </value>
        <condition>
          <and>
            <marker id="Rules_DateRules_doc/2/10">
              <attribute attr-id="LnrIsTrainee" />
            </marker>
            <marker id="Rules_DateRules_doc/2/11">
              <attribute attr-id="LnrPlndEndDateLastYr" />
            </marker>
            <marker id="Rules_DateRules_doc/2/12">
              <not>
                <unknown>
                  <attribute attr-id="LearnerActEndDate" />
                </unknown>
              </not>
            </marker>
          </and>
        </condition>
      </row>
      <row>
        <value>
          <marker id="Rules_DateRules_doc/2/13" condition="false">
            <scope-for scope-ref="global0" target-entity-id="global">
              <attribute attr-id="AcademicYearEnd" />
            </scope-for>
          </marker>
        </value>
        <condition>
          <and>
            <marker id="Rules_DateRules_doc/2/14">
              <attribute attr-id="LnrIsTrainee" />
            </marker>
            <marker id="Rules_DateRules_doc/2/15">
              <attribute attr-id="LnrPlndEndDateLastYr" />
            </marker>
            <marker id="Rules_DateRules_doc/2/16">
              <unknown>
                <attribute attr-id="LearnerActEndDate" />
              </unknown>
            </marker>
          </and>
        </condition>
      </row>
      <row>
        <value>
          <marker id="Rules_DateRules_doc/2/17" condition="false">
            <add-days>
              <add-months>
                <attribute attr-id="LnrPrdStartDate" />
                <number-value>1</number-value>
              </add-months>
              <negate>
                <number-value>1</number-value>
              </negate>
            </add-days>
          </marker>
        </value>
        <condition>
          <marker id="Rules_DateRules_doc/2/18">
            <attribute attr-id="LnrIsNonTrainee" />
          </marker>
        </condition>
      </row>
      <otherwise>
        <marker id="Rules_DateRules_doc/2/19" condition="false">
          <scope-for scope-ref="global0" target-entity-id="global">
            <attribute attr-id="AcademicYearEnd" />
          </scope-for>
        </marker>
      </otherwise>
    </table-conclude>
    <conclude attr-id="LnrPeriodisation1stDay" entity-id="Learner" scope-id="learner0">
      <value>
        <marker id="Rules_DateRules_doc/3/1" condition="false">
          <make-date>
            <extract-year>
              <attribute attr-id="LnrPrdStartDate" />
            </extract-year>
            <extract-month>
              <attribute attr-id="LnrPrdStartDate" />
            </extract-month>
            <number-value>1</number-value>
          </make-date>
        </marker>
      </value>
    </conclude>
    <conclude attr-id="LnrPeriodisation1stDayAfterEnd" entity-id="Learner" scope-id="learner0">
      <value>
        <marker id="Rules_DateRules_doc/4/1" condition="false">
          <make-date>
            <extract-year>
              <add-months>
                <attribute attr-id="LnrPrdEndDate" />
                <number-value>1</number-value>
              </add-months>
            </extract-year>
            <extract-month>
              <add-months>
                <attribute attr-id="LnrPrdEndDate" />
                <number-value>1</number-value>
              </add-months>
            </extract-month>
            <number-value>1</number-value>
          </make-date>
        </marker>
      </value>
    </conclude>
    <conclude attr-id="LnrPeriodisationLastDay" entity-id="Learner" scope-id="learner0">
      <value>
        <marker id="Rules_DateRules_doc/5/1" condition="false">
          <add-days>
            <attribute attr-id="LnrPeriodisation1stDayAfterEnd" />
            <negate>
              <number-value>1</number-value>
            </negate>
          </add-days>
        </marker>
      </value>
    </conclude>
    <conclude attr-id="PrdStartDate" entity-id="global" scope-id="global0">
      <value>
        <marker id="Rules_DateRules_doc/6/1" condition="false">
          <add-months>
            <add-months>
              <attribute attr-id="AcademicYearStart" />
              <negate>
                <number-value>1</number-value>
              </negate>
            </add-months>
            <temporal-months-since>
              <add-months>
                <attribute attr-id="AcademicYearStart" />
                <negate>
                  <number-value>1</number-value>
                </negate>
              </add-months>
              <attribute attr-id="AcademicYearEnd" />
            </temporal-months-since>
          </add-months>
        </marker>
      </value>
    </conclude>
    <conclude attr-id="periodnumber" entity-id="global" scope-id="global0">
      <value>
        <marker id="Rules_DateRules_doc/7/1" condition="false">
          <temporal-months-since>
            <add-months>
              <attribute attr-id="AcademicYearStart" />
              <negate>
                <number-value>1</number-value>
              </negate>
            </add-months>
            <attribute attr-id="AcademicYearEnd" />
          </temporal-months-since>
        </marker>
      </value>
    </conclude>
    <conclude attr-id="AcademicYearStart" entity-id="global" scope-id="global0">
      <value>
        <marker id="Rules_Parameters_doc/0/1" condition="false">
          <date-value>2017-08-01</date-value>
        </marker>
      </value>
    </conclude>
    <conclude attr-id="AcademicYearEnd" entity-id="global" scope-id="global0">
      <value>
        <marker id="Rules_Parameters_doc/1/1" condition="false">
          <date-value>2018-07-31</date-value>
        </marker>
      </value>
    </conclude>
    <conclude attr-id="b1@Rules_Mergetest_doc" entity-id="global" scope-id="global0">
      <value>
        <marker id="Rules_Mergetest_doc/0/1" condition="false">
          <true-value />
        </marker>
      </value>
      <condition>
        <marker id="Rules_Mergetest_doc/0/2">
          <attribute attr-id="b2@Rules_Mergetest_doc" />
        </marker>
      </condition>
      <otherwise>
        <marker id="Rules_Mergetest_doc/0/3" condition="false">
          <false-value />
        </marker>
      </otherwise>
    </conclude>
    <conclude attr-id="RulebaseVersion" entity-id="global" scope-id="global0">
      <value>
        <marker id="Documents_Version_doc/0/1" condition="false">
          <string-value>1718.01.02</string-value>
        </marker>
      </value>
    </conclude>
  </rules>
</rulebase>