﻿<?xml version="1.0" encoding="utf-8"?>
<functions>
  <function name="IsReturned" return-type="Boolean">
    <arg type="Text" />
    <handler platform="dotnet" class="OPA_CustomFunctions.IsReturned" />
  </function>
  <function name="IsMatch" return-type="Boolean">
    <arg type="Text" />
    <arg type="Text" />
    <handler platform="dotnet" class="OPA_CustomFunctions.IsMatch" />
  </function>
  <function name="Trim" return-type="Text">
    <arg type="Text" />
    <handler platform="dotnet" class="OPA_CustomFunctions.Trim" />
  </function>
  <function name="ToUpper" return-type="Text">
    <arg type="Text" />
    <handler platform="dotnet" class="OPA_CustomFunctions.ToUpper" />
  </function>
  <function name="ToLower" return-type="Text">
    <arg type="Text" />
    <handler platform="dotnet" class="OPA_CustomFunctions.ToLower" />
  </function>
  <function name="IsNotReturned" return-type="Boolean">
    <arg type="Text" />
    <handler platform="dotnet" class="OPA_CustomFunctions.IsNotReturned" />
  </function>
  <function name="LastDayInMonth" return-type="Date">
    <arg type="Date" />
    <handler platform="dotnet" class="Com.TPP.Functions.LastDayInMonth" />
    <handler platform="java" class="Com.TPP.Functions.LastDayInMonth" />
  </function>
</functions>